anonymity,ip,lasttime,location,prop,speed,types
高匿名,183.166.133.174,2020-05-17 16:31:02,安徽省黄山市  电信,9999,1秒,HTTP
高匿名,163.204.245.65,2020-05-17 15:31:02,广东省汕尾市  联通,9999,1秒,HTTP
高匿名,175.43.154.134,2020-05-17 14:31:01,福建省泉州市  联通,9999,0.9秒,HTTP
高匿名,60.216.101.46,2020-05-17 13:31:02,山东省济南市  联通,32868,1.0秒,HTTP
高匿名,171.13.137.235,2020-05-17 12:31:01,河南省商丘市  电信,9999,1秒,HTTP
高匿名,119.119.244.150,2020-05-17 11:31:02,辽宁省沈阳市  联通,9000,0.6秒,HTTP
高匿名,112.84.50.37,2020-05-17 10:31:01,江苏省徐州市  联通,9999,3秒,HTTP
高匿名,115.218.210.1,2020-05-17 09:31:01,中国 浙江省 温州市 电信,9000,2秒,HTTP
高匿名,175.43.58.16,2020-05-17 08:31:01,福建省泉州市  联通,9999,3秒,HTTP
高匿名,163.204.240.25,2020-05-17 07:31:02,广东省汕尾市  联通,9999,0.5秒,HTTP
高匿名,222.74.65.69,2020-05-17 06:31:01,内蒙古自治区赤峰市  电信,56210,1秒,HTTP
高匿名,125.108.73.62,2020-05-17 05:31:01,浙江省温州市  电信,9000,3秒,HTTP
高匿名,1.197.203.6,2020-05-17 04:31:01,河南省济源市  电信,9999,3秒,HTTP
高匿名,218.95.51.45,2020-05-17 03:31:01,江西省萍乡市  电信,9000,0.4秒,HTTP
高匿名,163.125.31.172,2020-05-17 02:31:01,广东省深圳市  联通,8118,3秒,HTTP
anonymity,ip,lasttime,location,prop,speed,types
高匿名,175.44.108.170,2020-05-17 17:31:01,福建省南平市  联通,9999,1秒,HTTP
高匿名,183.166.133.174,2020-05-17 16:31:02,安徽省黄山市  电信,9999,1秒,HTTP
高匿名,163.204.245.65,2020-05-17 15:31:02,广东省汕尾市  联通,9999,1秒,HTTP
高匿名,175.43.154.134,2020-05-17 14:31:01,福建省泉州市  联通,9999,0.9秒,HTTP
高匿名,60.216.101.46,2020-05-17 13:31:02,山东省济南市  联通,32868,1.0秒,HTTP
高匿名,171.13.137.235,2020-05-17 12:31:01,河南省商丘市  电信,9999,1秒,HTTP
高匿名,119.119.244.150,2020-05-17 11:31:02,辽宁省沈阳市  联通,9000,0.6秒,HTTP
高匿名,112.84.50.37,2020-05-17 10:31:01,江苏省徐州市  联通,9999,3秒,HTTP
高匿名,115.218.210.1,2020-05-17 09:31:01,中国 浙江省 温州市 电信,9000,2秒,HTTP
高匿名,175.43.58.16,2020-05-17 08:31:01,福建省泉州市  联通,9999,3秒,HTTP
高匿名,163.204.240.25,2020-05-17 07:31:02,广东省汕尾市  联通,9999,0.5秒,HTTP
高匿名,222.74.65.69,2020-05-17 06:31:01,内蒙古自治区赤峰市  电信,56210,1秒,HTTP
高匿名,125.108.73.62,2020-05-17 05:31:01,浙江省温州市  电信,9000,3秒,HTTP
高匿名,1.197.203.6,2020-05-17 04:31:01,河南省济源市  电信,9999,3秒,HTTP
高匿名,218.95.51.45,2020-05-17 03:31:01,江西省萍乡市  电信,9000,0.4秒,HTTP
anonymity,ip,lasttime,location,prop,speed,types
高匿名,175.44.108.170,2020-05-17 17:31:01,福建省南平市  联通,9999,1秒,HTTP
高匿名,183.166.133.174,2020-05-17 16:31:02,安徽省黄山市  电信,9999,1秒,HTTP
高匿名,163.204.245.65,2020-05-17 15:31:02,广东省汕尾市  联通,9999,1秒,HTTP
高匿名,175.43.154.134,2020-05-17 14:31:01,福建省泉州市  联通,9999,0.9秒,HTTP
高匿名,60.216.101.46,2020-05-17 13:31:02,山东省济南市  联通,32868,1.0秒,HTTP
高匿名,171.13.137.235,2020-05-17 12:31:01,河南省商丘市  电信,9999,1秒,HTTP
高匿名,119.119.244.150,2020-05-17 11:31:02,辽宁省沈阳市  联通,9000,0.6秒,HTTP
高匿名,112.84.50.37,2020-05-17 10:31:01,江苏省徐州市  联通,9999,3秒,HTTP
高匿名,115.218.210.1,2020-05-17 09:31:01,中国 浙江省 温州市 电信,9000,2秒,HTTP
高匿名,175.43.58.16,2020-05-17 08:31:01,福建省泉州市  联通,9999,3秒,HTTP
高匿名,163.204.240.25,2020-05-17 07:31:02,广东省汕尾市  联通,9999,0.5秒,HTTP
高匿名,222.74.65.69,2020-05-17 06:31:01,内蒙古自治区赤峰市  电信,56210,1秒,HTTP
高匿名,125.108.73.62,2020-05-17 05:31:01,浙江省温州市  电信,9000,3秒,HTTP
高匿名,1.197.203.6,2020-05-17 04:31:01,河南省济源市  电信,9999,3秒,HTTP
高匿名,218.95.51.45,2020-05-17 03:31:01,江西省萍乡市  电信,9000,0.4秒,HTTP
